Epoc,AVGloss,Accuracy,Precision,Recall,F1,TrainTime
1,0,0.0,0,0,0,00:00:12.22
2,0,0.0,0,0,0,00:00:01.39
3,0,0.0,0,0,0,00:00:01.42
4,0.0015344431562698446,0.0,0,0,0,00:00:01.33
5,0.0015344431562698446,0.0,0,0,0,00:00:01.22
6,0.0015344431562698446,0.0,0,0,0,00:00:01.43
7,0.0012682940013473854,0.0,0,0,0,00:00:01.44
8,0.0012682940013473854,0.0,0,0,0,00:00:01.37
9,0.0012682940013473854,0.0,0,0,0,00:00:01.31
10,0.0012682940013473854,0.0,0,0,0,00:00:01.39
